Top queries,Clicks,Impressions,CTR,Position
quantum password checker,18,52,34.62%,1.77
how strong is my password,1,86,1.16%,19
password checker online free,1,24,4.17%,24.88
take the password test,1,16,6.25%,43.31
my password checker,1,11,9.09%,40.64
password hacker checker,1,1,100%,21
password time cracker,1,1,100%,84
password checker,0,149,0%,56.07
password cracker test,0,147,0%,31.34
password tester,0,76,0%,68.57
password test,0,57,0%,55.79
phonetic password generator,0,53,0%,10.25
test my password,0,33,0%,40.36
pw checker,0,28,0%,43.71
passwordchecker,0,24,0%,13.92
how good is my password,0,18,0%,50.44
the password test,0,14,0%,43
password checker how long to crack,0,13,0%,9.77
password cracking test,0,13,0%,48.08
phonetic password,0,12,0%,12.83
howgoodismypassword. com,0,11,0%,32.91
crack my password,0,11,0%,33.82
password checker online,0,11,0%,35.64
password hack checker online,0,11,0%,53.09
test password,0,11,0%,65.09
passwordtest,0,11,0%,89.55
password crack test,0,10,0%,28.6
password cracker test free,0,9,0%,13.67
pw check,0,8,0%,29.88
passwordcheck,0,8,0%,56.5
password complexity checker,0,8,0%,59.75
test your password,0,7,0%,31.86
password tester how long to crack,0,6,0%,10.17
crack my password test,0,6,0%,11.17
password cracker checker,0,6,0%,18
rate my password,0,6,0%,37.5
password strength checker,0,6,0%,56
password check,0,5,0%,31.8
checker@passwordschecker.com,0,4,0%,11.5
password crack tester,0,4,0%,26.75
password strength test,0,4,0%,33.25
howstrongismypassword,0,4,0%,35
password testing,0,4,0%,48.5
password strength tester,0,4,0%,49.5
password+checker,0,4,0%,51
intel password checker,0,4,0%,53.75
password hacker check,0,4,0%,58
password solver,0,4,0%,68.5
password hack checker,0,4,0%,87.5
login checker,0,4,0%,88.75
quantum password,0,3,0%,9
check my password.com,0,3,0%,10.67
password cracker test free online,0,3,0%,11
password bit checker,0,3,0%,18
how stong is my password,0,3,0%,20.33
how strong my password,0,3,0%,37
test crack mot de passe,0,3,0%,43.67
my password password,0,3,0%,44.67
account checker,0,3,0%,62.33
password api,0,3,0%,71.33
password quantum,0,2,0%,7
how long would it take to crack my password test,0,2,0%,9
password checker strength,0,2,0%,10
dictionary attack password checker,0,2,0%,10.5
brute force attack password checker free,0,2,0%,11.5
quantum password generator,0,2,0%,14.5
how strong is my password checker,0,2,0%,16
password checker tool,0,2,0%,18
password strength checker time to crack,0,2,0%,19.5
password strength checker api,0,2,0%,22
pw tester,0,2,0%,25
password strength meter,0,2,0%,29.5
my1login,0,2,0%,30.5
testing passwords,0,2,0%,34.5
password security checker catswhocode,0,2,0%,36
passowrd checker,0,2,0%,40
password hacker check online,0,2,0%,42
my1login password test,0,2,0%,42.5
my1login password strength,0,2,0%,46.5
test the password,0,2,0%,47.5
my1login password tester,0,2,0%,49.5
password evaluator,0,2,0%,74
password detector,0,2,0%,84
password guesser test,0,2,0%,84.5
free password checker,0,2,0%,117
how crackable is my password,0,1,0%,9
password crack time checker,0,1,0%,9
break my password,0,1,0%,10
how long to crack my password test,0,1,0%,10
how strong is my pass,0,1,0%,10
check password crack time,0,1,0%,11
check password strength online,0,1,0%,11
how hard is my password to crack,0,1,0%,11
password crack time test,0,1,0%,11
password cracker time test,0,1,0%,11
password time checker,0,1,0%,12
how safe is my password checker,0,1,0%,16
test the strength of my password,0,1,0%,16
test a new password,0,1,0%,17
password checker website,0,1,0%,18
crack password test,0,1,0%,19
my 1 login password test,0,1,0%,19
password crack checker,0,1,0%,19
howgoodismypassword,0,1,0%,23
checker password,0,1,0%,26
ismypasswordsafe,0,1,0%,30
how strong is my password test,0,1,0%,31
passwordstrengthchecker,0,1,0%,32
how strong is my passowrd,0,1,0%,34
passwrod checker,0,1,0%,36
passord checker,0,1,0%,37
how strong my password is,0,1,0%,40
check if my password is strong,0,1,0%,41
testpassword,0,1,0%,41
passwordtester,0,1,0%,42
brute force password checker,0,1,0%,43
online password checker,0,1,0%,44
password monster checker,0,1,0%,44
password chrcker,0,1,0%,45
pasword checker,0,1,0%,46
rate my password strength,0,1,0%,47
testing password,0,1,0%,48
passwords strength checker,0,1,0%,49
pw free test,0,1,0%,49
test passwords,0,1,0%,49
cyber.org password tester,0,1,0%,50
how secure is my password checker,0,1,0%,50
passwords checker,0,1,0%,51
guess your password,0,1,0%,57
password strength check,0,1,0%,57
password cracking time checker,0,1,0%,58
strength password checker,0,1,0%,58
measure password strength,0,1,0%,59
test password strength,0,1,0%,60
how secure is my password website,0,1,0%,64
password analyzer,0,1,0%,69
test a password,0,1,0%,70
password strength,0,1,0%,75
test test test computer password,0,1,0%,76
password crack online,0,1,0%,80
check your password strength,0,1,0%,84
how secure is my pw,0,1,0%,85
password cracking calculator,0,1,0%,92
pass word tester,0,1,0%,98
password hack checker online free,0,1,0%,145